contact number,passcode,userID,name,addresses:email,card number,card name,pin code
03341231231,qwerty123,10000,asad,102 abc appartment soldier bazar number 3 karachi:asad@gmail.com,111-222-333,asad,6611
03343213213,asdf123,10001,hamza,202 xyz appartment garden west karachi:hamza@gmail.com,111-222-222,hamza,6612
03001231231,zxc123,10002,hassan,302 uio appartment nagan chawrangi karachi:hassan@gmail.com,111-111-333,hassan,6613
03003213213,qqwe123,10003,ali,107 anm appartment big road karachi:ali@gmail.com,111-222-323,ali,6614
03321231231,njdcef49rfj,10004,sara,109 kop appartment malir 19 karachi:sara@gmail.com,111-222-133,sara,6615
03323213213,dn38dnx,10005,ibad,111 qop appartment shahra e faisal karachi:ibad@gmail.com,121-222-333,ibad,6616
03344564567,ni4fnepf0,10006,ibad ur,1022 acf appartment garden eastkarachi:ibadur@gmail.com,113-222-333,ibad ur,6617
03347657654,93u8hd,10007,tanzeel,1 asd appartment malir cantt karachi:tanzeel@gmail.com,111-622-333,tanzeel,6618
03003213000,28884,10008,ritik,5 dsa appartment bhens colony karachi:ritik@gmail.com,111-252-333,ritik,6618
03003213001,anjasnc0,10009,naqi,8 lop appartment malir karachi:naqi@gmail.com,111-222-339,naqi,6620
03003213002,do3ic,10010,areez,2 loppu appartment drigg road karachi:areez@gmail.com,155-222-333,areez,6621
03003213003,ancosl8,10011,abde,0 fiia appartment soldier bazar number 3 karachi:abde@gmail.com,111-222-333,abde,6622
03003213022,nsao888,10012,ahsan,12 kip appartment gulshan karachi:ahsan@gmail.com,111-211-333,ahsan,6623
03003213021,nqiwd8,10013,taqi,299 kit appartment jamshed road karachi:taqi@gmail.com,101-222-333,taqi,6624
03003213099,dnns88,10014,angelina,ttop villa high road karachi:angelina@gmail.com,111-222-233,angelina,6625
03003213066,12sdnnn,10015,zara,102 errm appartment gulshan 4 karachi:zara@gmail.com,111-432-333,zara,6626
03003213035,ako3o3,10016,baneen,55 meneen appartment johar karachi:baneen@gmail.com,111-202-333,baneen,6627
03003213009,nnmzmm1,10017,bisma,102 oowp appartment nazimabad karachi:bisma@gmail.com,116-622-333,bisma,6628
03003213001,ammmcl1,10018,bareerah,nnwm abc house soldier bazar number 1 karachi:bareerah@gmail.com,911-222-333,bareerah,6629
03003213012,adamo1,10019,mehwish,iop house maal road karachi:mehwish@gmail.com,111-999-333,mehwish,6630
03003213038,mmakpp1,10020,izne,ooop villa defence karachi:izne@gmail.com,111-222-999,izne,6631
03345675675,beepinhorn,10021,shaka,22 gul bahar karachi:shaka12@hotmail.com,999-098-666,Shaka,8765
03008765611,yarasunle99,10022,raheem,r villa tariq road karachi:raheem22@yahoo.com,222-343-555,raheem ali,9090
03329987612,merakia11,10023,hina,405 show towers shahra e faisal karachi:hinashakil@yahoo.com,888-990-111,hina shakil,1111
03002673160,jjjff0Bb,10024,hamza usmani,saima jinnah avevnue askari raod malir:k190146@nu.edu.pk,111-222-3333,hamza,1234
03322411710,jjjff0Bb,10025,hassan chabaaoo,malir:hassan.chabaoo@gmail.com,1234,hassan,69
03332458886,72287,10027,hassan,3rdfsg:hasan.gmail.com,434,hassan,132
03007044226,2575,10028,nishat,43546xsfsgg:nishat.gmail.com,345,nishat,123
03112834470,5676,10029,bilal,435svddg:bilal.gmail.com,323,bilal,145
03452058226,987,10030,faizan,253465ddgg:faiz.gmail.com,3443,faizan,234
